SELECT ways.x1, ways.y1, ways.x2, ways.y2, seq, id1 AS node, id2 AS edge, cost FROM pgr_dijkstra('
SELECT gid AS id,
source::integer,
target::integer,
length * ways.to_cost AS cost
FROM ways, classes c where class_id = c.id',
103, 943, false, false) LEFT JOIN ways on (id1 = ways.gid);                                                                                                                                                                                    
     x1     |     y1     |     x2     |     y2     | seq | node | edge |        cost         
------------+------------+------------+------------+-----+------+------+---------------------
            |            |            |            |   0 |  103 |  853 |  0.0516790102976104
  19.940424 | 50.0616829 | 19.9404595 |  50.061743 |   1 |  614 |  854 | 0.00442661976010512
  19.940225 | 50.0617404 | 19.9403654 | 50.0616998 |   2 |  619 | 2224 |   0.122277866448499
 19.9401969 | 50.0613016 | 19.9398548 | 50.0608454 |   3 |   89 | 2225 |  0.0913634862112246
 19.9323236 | 50.0612209 | 19.9323025 | 50.0612066 |   4 |  962 | 1343 | 0.00522252327709785
 19.9450619 | 50.0633758 |   19.94506 |  50.063342 |   5 |  637 |  889 |  0.0211571199650294
            |            |            |            |   6 |  636 | 1339 |  0.0786172582931407
 19.9395706 | 50.0656315 | 19.9402157 | 50.0659328 |   7 |  485 | 1147 |  0.0641618710109677
 19.9363517 | 50.0595057 | 19.9362345 | 50.0595197 |   8 |  824 | 2220 |  0.0177516073425603
 19.9326939 | 50.0612428 | 19.9326801 | 50.0612439 |   9 |  943 |   -1 |                   0
(10 rows)

osm=# update ways set to_cost = 100 where gid = 2225;                                                                                                                                                                                          
UPDATE 1
osm=# SELECT ways.x1, ways.y1, ways.x2, ways.y2, seq, id1 AS node, id2 AS edge, cost FROM pgr_dijkstra('
SELECT gid AS id,
source::integer,
target::integer,
length * ways.to_cost AS cost
FROM ways, classes c where class_id = c.id',
103, 943, false, false) LEFT JOIN ways on (id1 = ways.gid); 
     x1     |     y1     |     x2     |     y2     | seq | node | edge |        cost         
------------+------------+------------+------------+-----+------+------+---------------------
            |            |            |            |   0 |  103 |  853 |  0.0516790102976104
  19.940424 | 50.0616829 | 19.9404595 |  50.061743 |   1 |  614 |  854 | 0.00442661976010512
  19.940225 | 50.0617404 | 19.9403654 | 50.0616998 |   2 |  619 | 1699 | 0.00504831576135362
 19.9324745 | 50.0609021 |  19.932485 | 50.0608628 |   3 |  975 | 1700 | 0.00774442845275031
 19.9347611 | 50.0642833 | 19.9344344 | 50.0639472 |   4 |  423 | 1701 |  0.0686903746553374
            |            |            |            |   5 |  424 | 1702 |  0.0121085322766419
 19.9419907 | 50.0593596 | 19.9420269 | 50.0593861 |   6 |  813 | 1703 | 0.00456203572753777
  19.932398 | 50.0613608 | 19.9323929 | 50.0613285 |   7 |  956 | 1318 |    0.11530364472295
 19.9423201 | 50.0645512 | 19.9413173 |  50.064811 |   8 |  606 | 1317 | 0.00236238664799035
 19.9325019 | 50.0613628 |  19.932447 | 50.0613618 |   9 |  954 | 1316 |  0.0926407605621767
            |            |            |            |  10 |  486 |  650 |  0.0187249691921237
 19.9395706 | 50.0656315 | 19.9402157 | 50.0659328 |  11 |  485 | 1147 |  0.0641618710109677
 19.9363517 | 50.0595057 | 19.9362345 | 50.0595197 |  12 |  824 | 2220 |  0.0177516073425603
 19.9326939 | 50.0612428 | 19.9326801 | 50.0612439 |  13 |  943 |   -1 |                   0
(14 rows)

osm=# 
